,model value,train mean,test mean
0,1,1.0,0.8708812616665023
1,2,1.0,0.8699956491573728
2,5,1.0,0.8716059649957837
3,10,1.0,0.869048388766589
4,20,1.0,0.8709966837046889
5,30,1.0,0.8697145805525783
6,45,1.0,0.8693817253377528
7,60,1.0,0.8717697460983376
8,80,1.0,0.8693824702538467
9,90,1.0,0.8704949553158878
10,100,1.0,0.8717691585130846
