,model value,train mean,test mean
0,0.01,1.0,0.8719929267695224
1,0.02,1.0,0.8708809038509695
2,0.04,1.0,0.8680509779855882
3,0.08,1.0,0.8689918645428953
4,0.16,1.0,0.8719953327007879
5,0.32,1.0,0.8694956302164936
6,0.64,1.0,0.8709901787335887
7,1.0,1.0,0.8708847094385312
