,model value,train mean,test mean
0,uniform,0.6599098536046306,0.4868333701209667
1,distance,1.0,0.48696152485117966
