,model value,train mean,test mean
0,manhattan,0.6617466062326612,0.47925435058194266
1,chebyshev,0.6527731311493523,0.4752758766701072
2,euclidean,0.6599098536046306,0.4868333701209667
