,model value,train mean,test mean
0,-1,0.4928429867427663,0.34427002042135074
1,300,-85.27237325640102,-86.62827386531923
